﻿<?xml version="1.0" encoding="utf-8"?>
<Notifications>
  <Notification>
    <ID>31_08_2017_02_44_25</ID>
    <Name>Last Day for Lapiz</Name>
    <RequiredDate>Friday, October 27, 2017</RequiredDate>
    <TimeForNotify>03:33</TimeForNotify>
    <StartDateNotification>Monday, August 21, 2017</StartDateNotification>
    <EveryHour>True</EveryHour>
    <NotificationStatus>On Process</NotificationStatus>
    <Status>1</Status>
  </Notification>
  <Notification>
    <ID>30_08_2017_06_17_14</ID>
    <Name>Last Day for Lapiz</Name>
    <RequiredDate>Friday, October 27, 2017</RequiredDate>
    <TimeForNotify>09:03</TimeForNotify>
    <StartDateNotification>Sunday, August 27, 2017</StartDateNotification>
    <EveryHour>True</EveryHour>
    <NotificationStatus>On Process</NotificationStatus>
    <Status>1</Status>
  </Notification>
  <Notification>
    <ID>17_06_2017_09_16_25</ID>
    <Name>Complete Filter</Name>
    <RequiredDate>Saturday, June 17, 2017</RequiredDate>
    <TimeForNotify>16:00</TimeForNotify>
    <StartDateNotification>Saturday, June 17, 2017</StartDateNotification>
    <EveryHour>False</EveryHour>
    <NotificationStatus>Completed</NotificationStatus>
    <Status>1</Status>
  </Notification>
  <Notification>
    <ID>17_06_2017_09_15_30</ID>
    <Name>Clear in General Master</Name>
    <RequiredDate>Saturday, June 17, 2017</RequiredDate>
    <TimeForNotify>11:30</TimeForNotify>
    <StartDateNotification>Saturday, June 17, 2017</StartDateNotification>
    <EveryHour>False</EveryHour>
    <NotificationStatus>Completed</NotificationStatus>
    <Status>1</Status>
  </Notification>
  <Notification>
    <ID>04_04_2017_10_15_28</ID>
    <Name>Execute Plan</Name>
    <RequiredDate>Thursday, August 31, 2017</RequiredDate>
    <TimeForNotify>15:15</TimeForNotify>
    <StartDateNotification>Thursday, August 03, 2017</StartDateNotification>
    <EveryHour>True</EveryHour>
    <NotificationStatus>Completed</NotificationStatus>
    <Status>1</Status>
  </Notification>
</Notifications>